<stg><name>bfs_Pipeline_loop_neighbors</name>


<trans_list>

<trans id="81" from="1" to="2">
<condition id="-1">
<or_exp><and_exp></and_exp></or_exp>
</condition>
</trans>

<trans id="102" from="2" to="3">
<condition id="-1">
<or_exp><and_exp></and_exp></or_exp>
</condition>
</trans>

<trans id="103" from="3" to="4">
<condition id="-1">
<or_exp><and_exp></and_exp></or_exp>
</condition>
</trans>

<trans id="104" from="4" to="5">
<condition id="-1">
<or_exp><and_exp></and_exp></or_exp>
</condition>
</trans>

<trans id="106" from="5" to="7">
<condition id="-1">
<or_exp><and_exp><literal name="icmp_ln28" val="0"/>
<literal name="icmp_ln28_1" val="1"/>
</and_exp></or_exp>
</condition>
</trans>

<trans id="107" from="5" to="8">
<condition id="-1">
<or_exp><and_exp><literal name="icmp_ln28" val="1"/>
</and_exp></or_exp>
</condition>
</trans>

<trans id="108" from="5" to="6">
<condition id="-1">
<or_exp><and_exp><literal name="icmp_ln28" val="0"/>
<literal name="icmp_ln28_1" val="0"/>
</and_exp></or_exp>
</condition>
</trans>

<trans id="105" from="6" to="2">
<condition id="-1">
<or_exp><and_exp></and_exp></or_exp>
</condition>
</trans>

<trans id="100" from="8" to="7">
<condition id="-1">
<or_exp><and_exp></and_exp></or_exp>
</condition>
</trans>
</trans_list>



<state_list>

<state id="1" st_id="1">

<operation id="9" st_id="1" stage="1" lat="1">
<core>NULL</core>
<MemPortIdVec></MemPortIdVec>
<condition id="-1">
<or_exp><and_exp></and_exp></or_exp>
</condition>

<Node id="10" bw="64" op_0_bw="32">
<![CDATA[
newFuncRoot:0 %e_1_0 = alloca i32 1

]]></Node>
<StgValue><ssdm name="e_1_0"/></StgValue>
</operation>

<operation id="10" st_id="1" stage="1" lat="1">
<core>NULL</core>
<MemPortIdVec></MemPortIdVec>
<condition id="-1">
<or_exp><and_exp></and_exp></or_exp>
</condition>

<Node id="11" bw="64" op_0_bw="32">
<![CDATA[
newFuncRoot:1 %cnt_1_0 = alloca i32 1

]]></Node>
<StgValue><ssdm name="cnt_1_0"/></StgValue>
</operation>

<operation id="11" st_id="1" stage="1" lat="1">
<core>NULL</core>
<MemPortIdVec></MemPortIdVec>
<condition id="-1">
<or_exp><and_exp></and_exp></or_exp>
</condition>

<Node id="12" bw="0" op_0_bw="0" op_1_bw="8" op_2_bw="0" op_3_bw="32" op_4_bw="32" op_5_bw="0" op_6_bw="32" op_7_bw="32" op_8_bw="0" op_9_bw="0" op_10_bw="0" op_11_bw="32" op_12_bw="32" op_13_bw="32" op_14_bw="32" op_15_bw="0" op_16_bw="0" op_17_bw="32" op_18_bw="32">
<![CDATA[
newFuncRoot:2 %specinterface_ln0 = specinterface void @_ssdm_op_SpecInterface, i8 %level, void @empty, i32 0, i32 0, void @empty_0, i32 4294967295, i32 0, void @empty_0, void @empty_0, void @empty_0, i32 0, i32 0, i32 0, i32 0, void @empty_0, void @empty_0, i32 4294967295, i32 0

]]></Node>
<StgValue><ssdm name="specinterface_ln0"/></StgValue>
</operation>

<operation id="12" st_id="1" stage="1" lat="1">
<core>NULL</core>
<MemPortIdVec></MemPortIdVec>
<condition id="-1">
<or_exp><and_exp></and_exp></or_exp>
</condition>

<Node id="13" bw="0" op_0_bw="0" op_1_bw="64" op_2_bw="0" op_3_bw="32" op_4_bw="32" op_5_bw="0" op_6_bw="32" op_7_bw="32" op_8_bw="0" op_9_bw="0" op_10_bw="0" op_11_bw="32" op_12_bw="32" op_13_bw="32" op_14_bw="32" op_15_bw="0" op_16_bw="0" op_17_bw="32" op_18_bw="32">
<![CDATA[
newFuncRoot:3 %specinterface_ln0 = specinterface void @_ssdm_op_SpecInterface, i64 %edges_1, void @empty, i32 0, i32 0, void @empty_0, i32 4294967295, i32 0, void @empty_0, void @empty_0, void @empty_0, i32 0, i32 0, i32 0, i32 0, void @empty_0, void @empty_0, i32 4294967295, i32 0

]]></Node>
<StgValue><ssdm name="specinterface_ln0"/></StgValue>
</operation>

<operation id="13" st_id="1" stage="1" lat="1">
<core>NULL</core>
<MemPortIdVec></MemPortIdVec>
<condition id="-1">
<or_exp><and_exp></and_exp></or_exp>
</condition>

<Node id="14" bw="0" op_0_bw="0" op_1_bw="64" op_2_bw="0" op_3_bw="32" op_4_bw="32" op_5_bw="0" op_6_bw="32" op_7_bw="32" op_8_bw="0" op_9_bw="0" op_10_bw="0" op_11_bw="32" op_12_bw="32" op_13_bw="32" op_14_bw="32" op_15_bw="0" op_16_bw="0" op_17_bw="32" op_18_bw="32">
<![CDATA[
newFuncRoot:4 %specinterface_ln0 = specinterface void @_ssdm_op_SpecInterface, i64 %edges_0, void @empty, i32 0, i32 0, void @empty_0, i32 4294967295, i32 0, void @empty_0, void @empty_0, void @empty_0, i32 0, i32 0, i32 0, i32 0, void @empty_0, void @empty_0, i32 4294967295, i32 0

]]></Node>
<StgValue><ssdm name="specinterface_ln0"/></StgValue>
</operation>

<operation id="14" st_id="1" stage="1" lat="1">
<core>NULL</core>
<MemPortIdVec></MemPortIdVec>
<condition id="-1">
<or_exp><and_exp></and_exp></or_exp>
</condition>

<Node id="15" bw="8" op_0_bw="8" op_1_bw="8">
<![CDATA[
newFuncRoot:5 %tmp = read i8 @_ssdm_op_Read.ap_auto.i8, i8 %empty

]]></Node>
<StgValue><ssdm name="tmp"/></StgValue>
</operation>

<operation id="15" st_id="1" stage="1" lat="1">
<core>NULL</core>
<MemPortIdVec></MemPortIdVec>
<condition id="-1">
<or_exp><and_exp></and_exp></or_exp>
</condition>

<Node id="16" bw="64" op_0_bw="64" op_1_bw="64">
<![CDATA[
newFuncRoot:6 %tmp_end_read = read i64 @_ssdm_op_Read.ap_auto.i64, i64 %tmp_end

]]></Node>
<StgValue><ssdm name="tmp_end_read"/></StgValue>
</operation>

<operation id="16" st_id="1" stage="1" lat="1">
<core>NULL</core>
<MemPortIdVec></MemPortIdVec>
<condition id="-1">
<or_exp><and_exp></and_exp></or_exp>
</condition>

<Node id="17" bw="64" op_0_bw="64" op_1_bw="64">
<![CDATA[
newFuncRoot:7 %tmp_begin_read = read i64 @_ssdm_op_Read.ap_auto.i64, i64 %tmp_begin

]]></Node>
<StgValue><ssdm name="tmp_begin_read"/></StgValue>
</operation>

<operation id="17" st_id="1" stage="1" lat="1">
<core>NULL</core>
<MemPortIdVec></MemPortIdVec>
<condition id="-1">
<or_exp><and_exp></and_exp></or_exp>
</condition>

<Node id="18" bw="64" op_0_bw="64" op_1_bw="64">
<![CDATA[
newFuncRoot:8 %cnt_read = read i64 @_ssdm_op_Read.ap_auto.i64, i64 %cnt

]]></Node>
<StgValue><ssdm name="cnt_read"/></StgValue>
</operation>

<operation id="18" st_id="1" stage="1" lat="1">
<core>NULL</core>
<MemPortIdVec></MemPortIdVec>
<condition id="-1">
<or_exp><and_exp></and_exp></or_exp>
</condition>

<Node id="19" bw="0" op_0_bw="64" op_1_bw="64">
<![CDATA[
newFuncRoot:9 %store_ln0 = store i64 %cnt_read, i64 %cnt_1_0

]]></Node>
<StgValue><ssdm name="store_ln0"/></StgValue>
</operation>

<operation id="19" st_id="1" stage="1" lat="1">
<core>NULL</core>
<MemPortIdVec></MemPortIdVec>
<condition id="-1">
<or_exp><and_exp></and_exp></or_exp>
</condition>

<Node id="20" bw="0" op_0_bw="64" op_1_bw="64">
<![CDATA[
newFuncRoot:10 %store_ln0 = store i64 %tmp_begin_read, i64 %e_1_0

]]></Node>
<StgValue><ssdm name="store_ln0"/></StgValue>
</operation>

<operation id="20" st_id="1" stage="1" lat="1">
<core>NULL</core>
<MemPortIdVec></MemPortIdVec>
<condition id="-1">
<or_exp><and_exp></and_exp></or_exp>
</condition>

<Node id="21" bw="0" op_0_bw="0">
<![CDATA[
newFuncRoot:11 %br_ln0 = br void %for.body13.0

]]></Node>
<StgValue><ssdm name="br_ln0"/></StgValue>
</operation>
</state>

<state id="2" st_id="2">

<operation id="21" st_id="2" stage="1" lat="1">
<core>NULL</core>
<MemPortIdVec></MemPortIdVec>
<condition id="-1">
<or_exp><and_exp></and_exp></or_exp>
</condition>

<Node id="23" bw="64" op_0_bw="64" op_1_bw="0">
<![CDATA[
for.body13.0:0 %e_1_0_load = load i64 %e_1_0

]]></Node>
<StgValue><ssdm name="e_1_0_load"/></StgValue>
</operation>

<operation id="22" st_id="2" stage="1" lat="1">
<core>Cmp</core>
<MemPortIdVec></MemPortIdVec>
<condition id="-1">
<or_exp><and_exp></and_exp></or_exp>
</condition>

<Node id="25" bw="1" op_0_bw="64" op_1_bw="64">
<![CDATA[
for.body13.0:2 %icmp_ln28 = icmp_eq  i64 %e_1_0_load, i64 %tmp_end_read

]]></Node>
<StgValue><ssdm name="icmp_ln28"/></StgValue>
</operation>

<operation id="23" st_id="2" stage="1" lat="1">
<core>NULL</core>
<MemPortIdVec></MemPortIdVec>
<condition id="-1">
<or_exp><and_exp></and_exp></or_exp>
</condition>

<Node id="26" bw="0" op_0_bw="1" op_1_bw="0" op_2_bw="0">
<![CDATA[
for.body13.0:3 %br_ln28 = br i1 %icmp_ln28, void %for.body13.split.0, void %for.body13.0.for.inc24.loopexit_crit_edge.exitStub

]]></Node>
<StgValue><ssdm name="br_ln28"/></StgValue>
</operation>

<operation id="24" st_id="2" stage="1" lat="1">
<core>NULL</core>
<MemPortIdVec></MemPortIdVec>
<condition id="-1">
<or_exp><and_exp><literal name="icmp_ln28" val="0"/>
</and_exp></or_exp>
</condition>

<Node id="28" bw="12" op_0_bw="64">
<![CDATA[
for.body13.split.0:0 %trunc_ln28 = trunc i64 %e_1_0_load

]]></Node>
<StgValue><ssdm name="trunc_ln28"/></StgValue>
</operation>

<operation id="25" st_id="2" stage="1" lat="1">
<core>NULL</core>
<MemPortIdVec></MemPortIdVec>
<condition id="-1">
<or_exp><and_exp><literal name="icmp_ln28" val="0"/>
</and_exp></or_exp>
</condition>

<Node id="32" bw="11" op_0_bw="11" op_1_bw="64" op_2_bw="32" op_3_bw="32">
<![CDATA[
for.body13.split.0:4 %lshr_ln1 = partselect i11 @_ssdm_op_PartSelect.i11.i64.i32.i32, i64 %e_1_0_load, i32 1, i32 11

]]></Node>
<StgValue><ssdm name="lshr_ln1"/></StgValue>
</operation>

<operation id="26" st_id="2" stage="1" lat="1">
<core>NULL</core>
<MemPortIdVec></MemPortIdVec>
<condition id="-1">
<or_exp><and_exp><literal name="icmp_ln28" val="0"/>
</and_exp></or_exp>
</condition>

<Node id="33" bw="64" op_0_bw="11">
<![CDATA[
for.body13.split.0:5 %zext_ln29 = zext i11 %lshr_ln1

]]></Node>
<StgValue><ssdm name="zext_ln29"/></StgValue>
</operation>

<operation id="27" st_id="2" stage="1" lat="1">
<core>NULL</core>
<MemPortIdVec></MemPortIdVec>
<condition id="-1">
<or_exp><and_exp><literal name="icmp_ln28" val="0"/>
</and_exp></or_exp>
</condition>

<Node id="34" bw="11" op_0_bw="64" op_1_bw="64" op_2_bw="64">
<![CDATA[
for.body13.split.0:6 %edges_0_addr = getelementptr i64 %edges_0, i64 0, i64 %zext_ln29

]]></Node>
<StgValue><ssdm name="edges_0_addr"/></StgValue>
</operation>

<operation id="28" st_id="2" stage="2" lat="2">
<core>RAM</core>
<MemPortIdVec>1 </MemPortIdVec>
<condition id="-1">
<or_exp><and_exp><literal name="icmp_ln28" val="0"/>
</and_exp></or_exp>
</condition>

<Node id="35" bw="64" op_0_bw="11">
<![CDATA[
for.body13.split.0:7 %edges_0_load = load i11 %edges_0_addr

]]></Node>
<StgValue><ssdm name="edges_0_load"/></StgValue>
</operation>

<operation id="29" st_id="2" stage="1" lat="1">
<core>NULL</core>
<MemPortIdVec></MemPortIdVec>
<condition id="-1">
<or_exp><and_exp><literal name="icmp_ln28" val="0"/>
</and_exp></or_exp>
</condition>

<Node id="36" bw="11" op_0_bw="64" op_1_bw="64" op_2_bw="64">
<![CDATA[
for.body13.split.0:8 %edges_1_addr = getelementptr i64 %edges_1, i64 0, i64 %zext_ln29

]]></Node>
<StgValue><ssdm name="edges_1_addr"/></StgValue>
</operation>

<operation id="30" st_id="2" stage="2" lat="2">
<core>RAM</core>
<MemPortIdVec>1 </MemPortIdVec>
<condition id="-1">
<or_exp><and_exp><literal name="icmp_ln28" val="0"/>
</and_exp></or_exp>
</condition>

<Node id="37" bw="64" op_0_bw="11">
<![CDATA[
for.body13.split.0:9 %edges_1_load = load i11 %edges_1_addr

]]></Node>
<StgValue><ssdm name="edges_1_load"/></StgValue>
</operation>

<operation id="31" st_id="2" stage="1" lat="1">
<core>Adder</core>
<MemPortIdVec></MemPortIdVec>
<condition id="-1">
<or_exp><and_exp><literal name="icmp_ln28" val="0"/>
</and_exp></or_exp>
</condition>

<Node id="49" bw="64" op_0_bw="64" op_1_bw="64">
<![CDATA[
for.inc.0:1 %add_ln28 = add i64 %e_1_0_load, i64 1

]]></Node>
<StgValue><ssdm name="add_ln28"/></StgValue>
</operation>

<operation id="32" st_id="2" stage="1" lat="1">
<core>Adder</core>
<MemPortIdVec></MemPortIdVec>
<condition id="-1">
<or_exp><and_exp><literal name="icmp_ln28" val="0"/>
</and_exp></or_exp>
</condition>

<Node id="50" bw="12" op_0_bw="12" op_1_bw="12">
<![CDATA[
for.inc.0:2 %add_ln28_2 = add i12 %trunc_ln28, i12 1

]]></Node>
<StgValue><ssdm name="add_ln28_2"/></StgValue>
</operation>

<operation id="33" st_id="2" stage="1" lat="1">
<core>Cmp</core>
<MemPortIdVec></MemPortIdVec>
<condition id="-1">
<or_exp><and_exp><literal name="icmp_ln28" val="0"/>
</and_exp></or_exp>
</condition>

<Node id="52" bw="1" op_0_bw="64" op_1_bw="64">
<![CDATA[
for.inc.0:4 %icmp_ln28_1 = icmp_eq  i64 %add_ln28, i64 %tmp_end_read

]]></Node>
<StgValue><ssdm name="icmp_ln28_1"/></StgValue>
</operation>

<operation id="34" st_id="2" stage="1" lat="1">
<core>NULL</core>
<MemPortIdVec></MemPortIdVec>
<condition id="-1">
<or_exp><and_exp><literal name="icmp_ln28" val="0"/>
</and_exp></or_exp>
</condition>

<Node id="53" bw="0" op_0_bw="1" op_1_bw="0" op_2_bw="0">
<![CDATA[
for.inc.0:5 %br_ln28 = br i1 %icmp_ln28_1, void %for.body13.split.1, void %for.inc.0.for.inc24.loopexit_crit_edge.exitStub

]]></Node>
<StgValue><ssdm name="br_ln28"/></StgValue>
</operation>

<operation id="35" st_id="2" stage="1" lat="1">
<core>NULL</core>
<MemPortIdVec></MemPortIdVec>
<condition id="-1">
<or_exp><and_exp><literal name="icmp_ln28" val="0"/>
<literal name="icmp_ln28_1" val="0"/>
</and_exp></or_exp>
</condition>

<Node id="55" bw="11" op_0_bw="11" op_1_bw="12" op_2_bw="32" op_3_bw="32">
<![CDATA[
for.body13.split.1:0 %lshr_ln29_1 = partselect i11 @_ssdm_op_PartSelect.i11.i12.i32.i32, i12 %add_ln28_2, i32 1, i32 11

]]></Node>
<StgValue><ssdm name="lshr_ln29_1"/></StgValue>
</operation>

<operation id="36" st_id="2" stage="1" lat="1">
<core>NULL</core>
<MemPortIdVec></MemPortIdVec>
<condition id="-1">
<or_exp><and_exp><literal name="icmp_ln28" val="0"/>
<literal name="icmp_ln28_1" val="0"/>
</and_exp></or_exp>
</condition>

<Node id="56" bw="64" op_0_bw="11">
<![CDATA[
for.body13.split.1:1 %zext_ln29_1 = zext i11 %lshr_ln29_1

]]></Node>
<StgValue><ssdm name="zext_ln29_1"/></StgValue>
</operation>

<operation id="37" st_id="2" stage="1" lat="1">
<core>NULL</core>
<MemPortIdVec></MemPortIdVec>
<condition id="-1">
<or_exp><and_exp><literal name="icmp_ln28" val="0"/>
<literal name="icmp_ln28_1" val="0"/>
</and_exp></or_exp>
</condition>

<Node id="57" bw="11" op_0_bw="64" op_1_bw="64" op_2_bw="64">
<![CDATA[
for.body13.split.1:2 %edges_0_addr_1 = getelementptr i64 %edges_0, i64 0, i64 %zext_ln29_1

]]></Node>
<StgValue><ssdm name="edges_0_addr_1"/></StgValue>
</operation>

<operation id="38" st_id="2" stage="2" lat="2">
<core>RAM</core>
<MemPortIdVec>0 </MemPortIdVec>
<condition id="-1">
<or_exp><and_exp><literal name="icmp_ln28" val="0"/>
<literal name="icmp_ln28_1" val="0"/>
</and_exp></or_exp>
</condition>

<Node id="58" bw="64" op_0_bw="11">
<![CDATA[
for.body13.split.1:3 %edges_0_load_1 = load i11 %edges_0_addr_1

]]></Node>
<StgValue><ssdm name="edges_0_load_1"/></StgValue>
</operation>

<operation id="39" st_id="2" stage="1" lat="1">
<core>NULL</core>
<MemPortIdVec></MemPortIdVec>
<condition id="-1">
<or_exp><and_exp><literal name="icmp_ln28" val="0"/>
<literal name="icmp_ln28_1" val="0"/>
</and_exp></or_exp>
</condition>

<Node id="59" bw="11" op_0_bw="64" op_1_bw="64" op_2_bw="64">
<![CDATA[
for.body13.split.1:4 %edges_1_addr_1 = getelementptr i64 %edges_1, i64 0, i64 %zext_ln29_1

]]></Node>
<StgValue><ssdm name="edges_1_addr_1"/></StgValue>
</operation>

<operation id="40" st_id="2" stage="2" lat="2">
<core>RAM</core>
<MemPortIdVec>0 </MemPortIdVec>
<condition id="-1">
<or_exp><and_exp><literal name="icmp_ln28" val="0"/>
<literal name="icmp_ln28_1" val="0"/>
</and_exp></or_exp>
</condition>

<Node id="60" bw="64" op_0_bw="11">
<![CDATA[
for.body13.split.1:5 %edges_1_load_1 = load i11 %edges_1_addr_1

]]></Node>
<StgValue><ssdm name="edges_1_load_1"/></StgValue>
</operation>
</state>

<state id="3" st_id="3">

<operation id="41" st_id="3" stage="1" lat="1">
<core>NULL</core>
<MemPortIdVec></MemPortIdVec>
<condition id="-1">
<or_exp><and_exp><literal name="icmp_ln28" val="0"/>
</and_exp></or_exp>
</condition>

<Node id="29" bw="1" op_0_bw="64">
<![CDATA[
for.body13.split.0:1 %trunc_ln28_1 = trunc i64 %e_1_0_load

]]></Node>
<StgValue><ssdm name="trunc_ln28_1"/></StgValue>
</operation>

<operation id="42" st_id="3" stage="1" lat="2">
<core>RAM</core>
<MemPortIdVec>1 </MemPortIdVec>
<condition id="-1">
<or_exp><and_exp><literal name="icmp_ln28" val="0"/>
</and_exp></or_exp>
</condition>

<Node id="35" bw="64" op_0_bw="11">
<![CDATA[
for.body13.split.0:7 %edges_0_load = load i11 %edges_0_addr

]]></Node>
<StgValue><ssdm name="edges_0_load"/></StgValue>
</operation>

<operation id="43" st_id="3" stage="1" lat="2">
<core>RAM</core>
<MemPortIdVec>1 </MemPortIdVec>
<condition id="-1">
<or_exp><and_exp><literal name="icmp_ln28" val="0"/>
</and_exp></or_exp>
</condition>

<Node id="37" bw="64" op_0_bw="11">
<![CDATA[
for.body13.split.0:9 %edges_1_load = load i11 %edges_1_addr

]]></Node>
<StgValue><ssdm name="edges_1_load"/></StgValue>
</operation>

<operation id="44" st_id="3" stage="1" lat="1">
<core>Multiplexer</core>
<MemPortIdVec></MemPortIdVec>
<condition id="-1">
<or_exp><and_exp><literal name="icmp_ln28" val="0"/>
</and_exp></or_exp>
</condition>

<Node id="38" bw="64" op_0_bw="64" op_1_bw="64" op_2_bw="64" op_3_bw="1">
<![CDATA[
for.body13.split.0:10 %tmp_dst = mux i64 @_ssdm_op_Mux.ap_auto.2i64.i1, i64 %edges_0_load, i64 %edges_1_load, i1 %trunc_ln28_1

]]></Node>
<StgValue><ssdm name="tmp_dst"/></StgValue>
</operation>

<operation id="45" st_id="3" stage="1" lat="1">
<core>NULL</core>
<MemPortIdVec></MemPortIdVec>
<condition id="-1">
<or_exp><and_exp><literal name="icmp_ln28" val="0"/>
</and_exp></or_exp>
</condition>

<Node id="39" bw="8" op_0_bw="8" op_1_bw="64" op_2_bw="64">
<![CDATA[
for.body13.split.0:11 %level_addr = getelementptr i8 %level, i64 0, i64 %tmp_dst

]]></Node>
<StgValue><ssdm name="level_addr"/></StgValue>
</operation>

<operation id="46" st_id="3" stage="2" lat="2">
<core>RAM</core>
<MemPortIdVec>0 </MemPortIdVec>
<condition id="-1">
<or_exp><and_exp><literal name="icmp_ln28" val="0"/>
</and_exp></or_exp>
</condition>

<Node id="40" bw="8" op_0_bw="8">
<![CDATA[
for.body13.split.0:12 %level_load = load i8 %level_addr

]]></Node>
<StgValue><ssdm name="level_load"/></StgValue>
</operation>

<operation id="47" st_id="3" stage="1" lat="1">
<core>LogicGate</core>
<MemPortIdVec></MemPortIdVec>
<condition id="-1">
<or_exp><and_exp><literal name="icmp_ln28" val="0"/>
</and_exp></or_exp>
</condition>

<Node id="51" bw="1" op_0_bw="1" op_1_bw="1">
<![CDATA[
for.inc.0:3 %xor_ln28 = xor i1 %trunc_ln28_1, i1 1

]]></Node>
<StgValue><ssdm name="xor_ln28"/></StgValue>
</operation>

<operation id="48" st_id="3" stage="1" lat="2">
<core>RAM</core>
<MemPortIdVec>0 </MemPortIdVec>
<condition id="-1">
<or_exp><and_exp><literal name="icmp_ln28" val="0"/>
<literal name="icmp_ln28_1" val="0"/>
</and_exp></or_exp>
</condition>

<Node id="58" bw="64" op_0_bw="11">
<![CDATA[
for.body13.split.1:3 %edges_0_load_1 = load i11 %edges_0_addr_1

]]></Node>
<StgValue><ssdm name="edges_0_load_1"/></StgValue>
</operation>

<operation id="49" st_id="3" stage="1" lat="2">
<core>RAM</core>
<MemPortIdVec>0 </MemPortIdVec>
<condition id="-1">
<or_exp><and_exp><literal name="icmp_ln28" val="0"/>
<literal name="icmp_ln28_1" val="0"/>
</and_exp></or_exp>
</condition>

<Node id="60" bw="64" op_0_bw="11">
<![CDATA[
for.body13.split.1:5 %edges_1_load_1 = load i11 %edges_1_addr_1

]]></Node>
<StgValue><ssdm name="edges_1_load_1"/></StgValue>
</operation>

<operation id="50" st_id="3" stage="1" lat="1">
<core>Multiplexer</core>
<MemPortIdVec></MemPortIdVec>
<condition id="-1">
<or_exp><and_exp><literal name="icmp_ln28" val="0"/>
<literal name="icmp_ln28_1" val="0"/>
</and_exp></or_exp>
</condition>

<Node id="61" bw="64" op_0_bw="64" op_1_bw="64" op_2_bw="64" op_3_bw="1">
<![CDATA[
for.body13.split.1:6 %tmp_dst_1 = mux i64 @_ssdm_op_Mux.ap_auto.2i64.i1, i64 %edges_0_load_1, i64 %edges_1_load_1, i1 %xor_ln28

]]></Node>
<StgValue><ssdm name="tmp_dst_1"/></StgValue>
</operation>

<operation id="51" st_id="3" stage="1" lat="1">
<core>NULL</core>
<MemPortIdVec></MemPortIdVec>
<condition id="-1">
<or_exp><and_exp><literal name="icmp_ln28" val="0"/>
<literal name="icmp_ln28_1" val="0"/>
</and_exp></or_exp>
</condition>

<Node id="62" bw="8" op_0_bw="8" op_1_bw="64" op_2_bw="64">
<![CDATA[
for.body13.split.1:7 %level_addr_1 = getelementptr i8 %level, i64 0, i64 %tmp_dst_1

]]></Node>
<StgValue><ssdm name="level_addr_1"/></StgValue>
</operation>
</state>

<state id="4" st_id="4">

<operation id="52" st_id="4" stage="1" lat="1">
<core>NULL</core>
<MemPortIdVec></MemPortIdVec>
<condition id="-1">
<or_exp><and_exp></and_exp></or_exp>
</condition>

<Node id="24" bw="64" op_0_bw="64" op_1_bw="0">
<![CDATA[
for.body13.0:1 %cnt_1_0_load = load i64 %cnt_1_0

]]></Node>
<StgValue><ssdm name="cnt_1_0_load"/></StgValue>
</operation>

<operation id="53" st_id="4" stage="1" lat="1">
<core>NULL</core>
<MemPortIdVec></MemPortIdVec>
<condition id="-1">
<or_exp><and_exp><literal name="icmp_ln28" val="0"/>
</and_exp></or_exp>
</condition>

<Node id="30" bw="0" op_0_bw="0" op_1_bw="32" op_2_bw="32" op_3_bw="32" op_4_bw="32" op_5_bw="0">
<![CDATA[
for.body13.split.0:2 %specpipeline_ln2 = specpipeline void @_ssdm_op_SpecPipeline, i32 4294967295, i32 1, i32 0, i32 0, void @empty_0

]]></Node>
<StgValue><ssdm name="specpipeline_ln2"/></StgValue>
</operation>

<operation id="54" st_id="4" stage="1" lat="1">
<core>NULL</core>
<MemPortIdVec></MemPortIdVec>
<condition id="-1">
<or_exp><and_exp><literal name="icmp_ln28" val="0"/>
</and_exp></or_exp>
</condition>

<Node id="31" bw="0" op_0_bw="0" op_1_bw="0">
<![CDATA[
for.body13.split.0:3 %specloopname_ln14 = specloopname void @_ssdm_op_SpecLoopName, void @empty_3

]]></Node>
<StgValue><ssdm name="specloopname_ln14"/></StgValue>
</operation>

<operation id="55" st_id="4" stage="1" lat="2">
<core>RAM</core>
<MemPortIdVec>0 </MemPortIdVec>
<condition id="-1">
<or_exp><and_exp><literal name="icmp_ln28" val="0"/>
</and_exp></or_exp>
</condition>

<Node id="40" bw="8" op_0_bw="8">
<![CDATA[
for.body13.split.0:12 %level_load = load i8 %level_addr

]]></Node>
<StgValue><ssdm name="level_load"/></StgValue>
</operation>

<operation id="56" st_id="4" stage="1" lat="1">
<core>Cmp</core>
<MemPortIdVec></MemPortIdVec>
<condition id="-1">
<or_exp><and_exp><literal name="icmp_ln28" val="0"/>
</and_exp></or_exp>
</condition>

<Node id="41" bw="1" op_0_bw="8" op_1_bw="8">
<![CDATA[
for.body13.split.0:13 %icmp_ln32 = icmp_eq  i8 %level_load, i8 127

]]></Node>
<StgValue><ssdm name="icmp_ln32"/></StgValue>
</operation>

<operation id="57" st_id="4" stage="1" lat="1">
<core>NULL</core>
<MemPortIdVec></MemPortIdVec>
<condition id="-1">
<or_exp><and_exp><literal name="icmp_ln28" val="0"/>
</and_exp></or_exp>
</condition>

<Node id="42" bw="0" op_0_bw="1" op_1_bw="0" op_2_bw="0">
<![CDATA[
for.body13.split.0:14 %br_ln32 = br i1 %icmp_ln32, void %for.inc.0, void %if.then18.0

]]></Node>
<StgValue><ssdm name="br_ln32"/></StgValue>
</operation>

<operation id="58" st_id="4" stage="1" lat="1">
<core>RAM</core>
<MemPortIdVec>0 </MemPortIdVec>
<condition id="-1">
<or_exp><and_exp><literal name="icmp_ln28" val="0"/>
<literal name="icmp_ln32" val="1"/>
</and_exp></or_exp>
</condition>

<Node id="44" bw="0" op_0_bw="8" op_1_bw="8" op_2_bw="0">
<![CDATA[
if.then18.0:0 %store_ln33 = store i8 %tmp, i8 %level_addr

]]></Node>
<StgValue><ssdm name="store_ln33"/></StgValue>
</operation>

<operation id="59" st_id="4" stage="1" lat="1">
<core>Adder</core>
<MemPortIdVec></MemPortIdVec>
<condition id="-1">
<or_exp><and_exp><literal name="icmp_ln28" val="0"/>
<literal name="icmp_ln32" val="1"/>
</and_exp></or_exp>
</condition>

<Node id="45" bw="64" op_0_bw="64" op_1_bw="64">
<![CDATA[
if.then18.0:1 %add_ln34 = add i64 %cnt_1_0_load, i64 1

]]></Node>
<StgValue><ssdm name="add_ln34"/></StgValue>
</operation>

<operation id="60" st_id="4" stage="1" lat="1">
<core>NULL</core>
<MemPortIdVec></MemPortIdVec>
<condition id="-1">
<or_exp><and_exp><literal name="icmp_ln28" val="0"/>
<literal name="icmp_ln32" val="1"/>
</and_exp></or_exp>
</condition>

<Node id="46" bw="0" op_0_bw="0">
<![CDATA[
if.then18.0:2 %br_ln35 = br void %for.inc.0

]]></Node>
<StgValue><ssdm name="br_ln35"/></StgValue>
</operation>
</state>

<state id="5" st_id="5">

<operation id="61" st_id="5" stage="1" lat="1">
<core>NULL</core>
<MemPortIdVec></MemPortIdVec>
<condition id="-1">
<or_exp><and_exp><literal name="icmp_ln28" val="0"/>
</and_exp></or_exp>
</condition>

<Node id="48" bw="64" op_0_bw="64" op_1_bw="0" op_2_bw="64" op_3_bw="0">
<![CDATA[
for.inc.0:0 %cnt_2_0 = phi i64 %add_ln34, void %if.then18.0, i64 %cnt_1_0_load, void %for.body13.split.0

]]></Node>
<StgValue><ssdm name="cnt_2_0"/></StgValue>
</operation>

<operation id="62" st_id="5" stage="2" lat="2">
<core>RAM</core>
<MemPortIdVec>0 </MemPortIdVec>
<condition id="-1">
<or_exp><and_exp><literal name="icmp_ln28" val="0"/>
<literal name="icmp_ln28_1" val="0"/>
</and_exp></or_exp>
</condition>

<Node id="63" bw="8" op_0_bw="8" op_1_bw="0">
<![CDATA[
for.body13.split.1:8 %level_load_1 = load i8 %level_addr_1

]]></Node>
<StgValue><ssdm name="level_load_1"/></StgValue>
</operation>

<operation id="63" st_id="5" stage="1" lat="1">
<core>Adder</core>
<MemPortIdVec></MemPortIdVec>
<condition id="-1">
<or_exp><and_exp><literal name="icmp_ln28" val="0"/>
<literal name="icmp_ln28_1" val="0"/>
</and_exp></or_exp>
</condition>

<Node id="72" bw="64" op_0_bw="64" op_1_bw="64">
<![CDATA[
for.inc.1:1 %add_ln28_1 = add i64 %e_1_0_load, i64 2

]]></Node>
<StgValue><ssdm name="add_ln28_1"/></StgValue>
</operation>

<operation id="64" st_id="5" stage="1" lat="1">
<core>NULL</core>
<MemPortIdVec></MemPortIdVec>
<condition id="-1">
<or_exp><and_exp><literal name="icmp_ln28" val="0"/>
<literal name="icmp_ln28_1" val="0"/>
</and_exp></or_exp>
</condition>

<Node id="74" bw="0" op_0_bw="64" op_1_bw="64" op_2_bw="0" op_3_bw="0">
<![CDATA[
for.inc.1:3 %store_ln28 = store i64 %add_ln28_1, i64 %e_1_0

]]></Node>
<StgValue><ssdm name="store_ln28"/></StgValue>
</operation>
</state>

<state id="6" st_id="6">

<operation id="65" st_id="6" stage="1" lat="2">
<core>RAM</core>
<MemPortIdVec>0 </MemPortIdVec>
<condition id="-1">
<or_exp><and_exp><literal name="icmp_ln28" val="0"/>
<literal name="icmp_ln28_1" val="0"/>
</and_exp></or_exp>
</condition>

<Node id="63" bw="8" op_0_bw="8" op_1_bw="0">
<![CDATA[
for.body13.split.1:8 %level_load_1 = load i8 %level_addr_1

]]></Node>
<StgValue><ssdm name="level_load_1"/></StgValue>
</operation>

<operation id="66" st_id="6" stage="1" lat="1">
<core>Cmp</core>
<MemPortIdVec></MemPortIdVec>
<condition id="-1">
<or_exp><and_exp><literal name="icmp_ln28" val="0"/>
<literal name="icmp_ln28_1" val="0"/>
</and_exp></or_exp>
</condition>

<Node id="64" bw="1" op_0_bw="8" op_1_bw="8">
<![CDATA[
for.body13.split.1:9 %icmp_ln32_1 = icmp_eq  i8 %level_load_1, i8 127

]]></Node>
<StgValue><ssdm name="icmp_ln32_1"/></StgValue>
</operation>

<operation id="67" st_id="6" stage="1" lat="1">
<core>NULL</core>
<MemPortIdVec></MemPortIdVec>
<condition id="-1">
<or_exp><and_exp><literal name="icmp_ln28" val="0"/>
<literal name="icmp_ln28_1" val="0"/>
</and_exp></or_exp>
</condition>

<Node id="65" bw="0" op_0_bw="1" op_1_bw="0" op_2_bw="0">
<![CDATA[
for.body13.split.1:10 %br_ln32 = br i1 %icmp_ln32_1, void %for.inc.1, void %if.then18.1

]]></Node>
<StgValue><ssdm name="br_ln32"/></StgValue>
</operation>

<operation id="68" st_id="6" stage="1" lat="1">
<core>RAM</core>
<MemPortIdVec>0 </MemPortIdVec>
<condition id="-1">
<or_exp><and_exp><literal name="icmp_ln28" val="0"/>
<literal name="icmp_ln28_1" val="0"/>
<literal name="icmp_ln32_1" val="1"/>
</and_exp></or_exp>
</condition>

<Node id="67" bw="0" op_0_bw="8" op_1_bw="8" op_2_bw="0" op_3_bw="0" op_4_bw="0">
<![CDATA[
if.then18.1:0 %store_ln33 = store i8 %tmp, i8 %level_addr_1

]]></Node>
<StgValue><ssdm name="store_ln33"/></StgValue>
</operation>

<operation id="69" st_id="6" stage="1" lat="1">
<core>Adder</core>
<MemPortIdVec></MemPortIdVec>
<condition id="-1">
<or_exp><and_exp><literal name="icmp_ln28" val="0"/>
<literal name="icmp_ln28_1" val="0"/>
<literal name="icmp_ln32_1" val="1"/>
</and_exp></or_exp>
</condition>

<Node id="68" bw="64" op_0_bw="64" op_1_bw="64">
<![CDATA[
if.then18.1:1 %add_ln34_1 = add i64 %cnt_2_0, i64 1

]]></Node>
<StgValue><ssdm name="add_ln34_1"/></StgValue>
</operation>

<operation id="70" st_id="6" stage="1" lat="1">
<core>NULL</core>
<MemPortIdVec></MemPortIdVec>
<condition id="-1">
<or_exp><and_exp><literal name="icmp_ln28" val="0"/>
<literal name="icmp_ln28_1" val="0"/>
<literal name="icmp_ln32_1" val="1"/>
</and_exp></or_exp>
</condition>

<Node id="69" bw="0" op_0_bw="0">
<![CDATA[
if.then18.1:2 %br_ln35 = br void %for.inc.1

]]></Node>
<StgValue><ssdm name="br_ln35"/></StgValue>
</operation>

<operation id="71" st_id="6" stage="1" lat="1">
<core>NULL</core>
<MemPortIdVec></MemPortIdVec>
<condition id="-1">
<or_exp><and_exp></and_exp></or_exp>
</condition>

<Node id="71" bw="64" op_0_bw="64" op_1_bw="0" op_2_bw="64" op_3_bw="0">
<![CDATA[
for.inc.1:0 %cnt_2_1 = phi i64 %add_ln34_1, void %if.then18.1, i64 %cnt_2_0, void %for.body13.split.1

]]></Node>
<StgValue><ssdm name="cnt_2_1"/></StgValue>
</operation>

<operation id="72" st_id="6" stage="1" lat="1">
<core>NULL</core>
<MemPortIdVec></MemPortIdVec>
<condition id="-1">
<or_exp><and_exp></and_exp></or_exp>
</condition>

<Node id="73" bw="0" op_0_bw="64" op_1_bw="64" op_2_bw="0" op_3_bw="0">
<![CDATA[
for.inc.1:2 %store_ln28 = store i64 %cnt_2_1, i64 %cnt_1_0

]]></Node>
<StgValue><ssdm name="store_ln28"/></StgValue>
</operation>

<operation id="73" st_id="6" stage="1" lat="1">
<core>NULL</core>
<MemPortIdVec></MemPortIdVec>
<condition id="-1">
<or_exp><and_exp></and_exp></or_exp>
</condition>

<Node id="75" bw="0" op_0_bw="0">
<![CDATA[
for.inc.1:4 %br_ln28 = br void %for.body13.0

]]></Node>
<StgValue><ssdm name="br_ln28"/></StgValue>
</operation>
</state>

<state id="7" st_id="7">

<operation id="74" st_id="7" stage="1" lat="1">
<core>NULL</core>
<MemPortIdVec></MemPortIdVec>
<condition id="-1">
<or_exp><and_exp><literal name="icmp_ln28" val="0"/>
</and_exp></or_exp>
</condition>

<Node id="77" bw="0" op_0_bw="0" op_1_bw="64" op_2_bw="64">
<![CDATA[
for.inc.0.for.inc24.loopexit_crit_edge.exitStub:0 %write_ln34 = write void @_ssdm_op_Write.ap_auto.i64P0A, i64 %cnt_1_0_out, i64 %cnt_1_0_load

]]></Node>
<StgValue><ssdm name="write_ln34"/></StgValue>
</operation>

<operation id="75" st_id="7" stage="1" lat="1">
<core>NULL</core>
<MemPortIdVec></MemPortIdVec>
<condition id="-1">
<or_exp><and_exp><literal name="icmp_ln28" val="0"/>
</and_exp></or_exp>
</condition>

<Node id="78" bw="0" op_0_bw="0" op_1_bw="64" op_2_bw="64">
<![CDATA[
for.inc.0.for.inc24.loopexit_crit_edge.exitStub:1 %write_ln34 = write void @_ssdm_op_Write.ap_auto.i64P0A, i64 %cnt_2_0_out, i64 %cnt_2_0

]]></Node>
<StgValue><ssdm name="write_ln34"/></StgValue>
</operation>

<operation id="76" st_id="7" stage="1" lat="1">
<core>NULL</core>
<MemPortIdVec></MemPortIdVec>
<condition id="-1">
<or_exp><and_exp><literal name="icmp_ln28" val="0"/>
</and_exp></or_exp>
</condition>

<Node id="79" bw="0" op_0_bw="0">
<![CDATA[
for.inc.0.for.inc24.loopexit_crit_edge.exitStub:2 %br_ln0 = br void %UnifiedReturnBlock

]]></Node>
<StgValue><ssdm name="br_ln0"/></StgValue>
</operation>

<operation id="77" st_id="7" stage="1" lat="1">
<core>NULL</core>
<MemPortIdVec></MemPortIdVec>
<condition id="-1">
<or_exp><and_exp></and_exp></or_exp>
</condition>

<Node id="84" bw="1" op_0_bw="1" op_1_bw="0" op_2_bw="1" op_3_bw="0">
<![CDATA[
UnifiedReturnBlock:0 %UnifiedRetVal = phi i1 1, void %for.body13.0.for.inc24.loopexit_crit_edge.exitStub, i1 0, void %for.inc.0.for.inc24.loopexit_crit_edge.exitStub

]]></Node>
<StgValue><ssdm name="UnifiedRetVal"/></StgValue>
</operation>

<operation id="78" st_id="7" stage="1" lat="1">
<core>NULL</core>
<MemPortIdVec></MemPortIdVec>
<condition id="-1">
<or_exp><and_exp></and_exp></or_exp>
</condition>

<Node id="85" bw="0" op_0_bw="1">
<![CDATA[
UnifiedReturnBlock:1 %ret_ln0 = ret i1 %UnifiedRetVal

]]></Node>
<StgValue><ssdm name="ret_ln0"/></StgValue>
</operation>
</state>

<state id="8" st_id="8">

<operation id="79" st_id="8" stage="1" lat="1">
<core>NULL</core>
<MemPortIdVec></MemPortIdVec>
<condition id="-1">
<or_exp><and_exp></and_exp></or_exp>
</condition>

<Node id="81" bw="0" op_0_bw="0" op_1_bw="64" op_2_bw="64">
<![CDATA[
for.body13.0.for.inc24.loopexit_crit_edge.exitStub:0 %write_ln34 = write void @_ssdm_op_Write.ap_auto.i64P0A, i64 %cnt_1_0_out, i64 %cnt_1_0_load

]]></Node>
<StgValue><ssdm name="write_ln34"/></StgValue>
</operation>

<operation id="80" st_id="8" stage="1" lat="1">
<core>NULL</core>
<MemPortIdVec></MemPortIdVec>
<condition id="-1">
<or_exp><and_exp></and_exp></or_exp>
</condition>

<Node id="82" bw="0" op_0_bw="0">
<![CDATA[
for.body13.0.for.inc24.loopexit_crit_edge.exitStub:1 %br_ln0 = br void %UnifiedReturnBlock

]]></Node>
<StgValue><ssdm name="br_ln0"/></StgValue>
</operation>
</state>
</state_list>


<ports>
<port id="109" name="cnt" dir="0" iftype="0">
<core>NULL</core><StgValue><ssdm name="cnt"/></StgValue>
</port>
<port id="110" name="tmp_begin" dir="0" iftype="0">
<core>NULL</core><StgValue><ssdm name="tmp_begin"/></StgValue>
</port>
<port id="111" name="tmp_end" dir="0" iftype="0">
<core>NULL</core><StgValue><ssdm name="tmp_end"/></StgValue>
</port>
<port id="112" name="edges_0" dir="0" iftype="1">
<core>RAM</core><StgValue><ssdm name="edges_0"/><MemPortTyVec>1 1 </MemPortTyVec>
</StgValue>
</port>
<port id="113" name="edges_1" dir="0" iftype="1">
<core>RAM</core><StgValue><ssdm name="edges_1"/><MemPortTyVec>1 1 </MemPortTyVec>
</StgValue>
</port>
<port id="114" name="level" dir="2" iftype="1">
<core>RAM</core><StgValue><ssdm name="level"/><MemPortTyVec>2 3 </MemPortTyVec>
</StgValue>
</port>
<port id="115" name="empty" dir="0" iftype="0">
<core>NULL</core><StgValue><ssdm name="empty"/></StgValue>
</port>
<port id="116" name="cnt_1_0_out" dir="1" iftype="0">
<core>NULL</core><StgValue><ssdm name="cnt_1_0_out"/></StgValue>
</port>
<port id="117" name="cnt_2_0_out" dir="1" iftype="0">
<core>NULL</core><StgValue><ssdm name="cnt_2_0_out"/></StgValue>
</port>
</ports>


<dataflows>
<dataflow id="119" from="StgValue_118" to="e_1_0" fromId="118" toId="9">
</dataflow>
<dataflow id="120" from="StgValue_118" to="cnt_1_0" fromId="118" toId="10">
</dataflow>
<dataflow id="122" from="_ssdm_op_SpecInterface" to="specinterface_ln0" fromId="121" toId="11">
</dataflow>
<dataflow id="123" from="level" to="specinterface_ln0" fromId="114" toId="11">
</dataflow>
<dataflow id="125" from="empty" to="specinterface_ln0" fromId="124" toId="11">
</dataflow>
<dataflow id="127" from="StgValue_126" to="specinterface_ln0" fromId="126" toId="11">
</dataflow>
<dataflow id="128" from="StgValue_126" to="specinterface_ln0" fromId="126" toId="11">
</dataflow>
<dataflow id="130" from="empty_0" to="specinterface_ln0" fromId="129" toId="11">
</dataflow>
<dataflow id="132" from="StgValue_131" to="specinterface_ln0" fromId="131" toId="11">
</dataflow>
<dataflow id="133" from="StgValue_126" to="specinterface_ln0" fromId="126" toId="11">
</dataflow>
<dataflow id="134" from="empty_0" to="specinterface_ln0" fromId="129" toId="11">
</dataflow>
<dataflow id="135" from="empty_0" to="specinterface_ln0" fromId="129" toId="11">
</dataflow>
<dataflow id="136" from="empty_0" to="specinterface_ln0" fromId="129" toId="11">
</dataflow>
<dataflow id="137" from="StgValue_126" to="specinterface_ln0" fromId="126" toId="11">
</dataflow>
<dataflow id="138" from="StgValue_126" to="specinterface_ln0" fromId="126" toId="11">
</dataflow>
<dataflow id="139" from="StgValue_126" to="specinterface_ln0" fromId="126" toId="11">
</dataflow>
<dataflow id="140" from="StgValue_126" to="specinterface_ln0" fromId="126" toId="11">
</dataflow>
<dataflow id="141" from="empty_0" to="specinterface_ln0" fromId="129" toId="11">
</dataflow>
<dataflow id="142" from="empty_0" to="specinterface_ln0" fromId="129" toId="11">
</dataflow>
<dataflow id="143" from="StgValue_131" to="specinterface_ln0" fromId="131" toId="11">
</dataflow>
<dataflow id="144" from="StgValue_126" to="specinterface_ln0" fromId="126" toId="11">
</dataflow>
<dataflow id="145" from="_ssdm_op_SpecInterface" to="specinterface_ln0" fromId="121" toId="12">
</dataflow>
<dataflow id="146" from="edges_1" to="specinterface_ln0" fromId="113" toId="12">
</dataflow>
<dataflow id="147" from="empty" to="specinterface_ln0" fromId="124" toId="12">
</dataflow>
<dataflow id="148" from="StgValue_126" to="specinterface_ln0" fromId="126" toId="12">
</dataflow>
<dataflow id="149" from="StgValue_126" to="specinterface_ln0" fromId="126" toId="12">
</dataflow>
<dataflow id="150" from="empty_0" to="specinterface_ln0" fromId="129" toId="12">
</dataflow>
<dataflow id="151" from="StgValue_131" to="specinterface_ln0" fromId="131" toId="12">
</dataflow>
<dataflow id="152" from="StgValue_126" to="specinterface_ln0" fromId="126" toId="12">
</dataflow>
<dataflow id="153" from="empty_0" to="specinterface_ln0" fromId="129" toId="12">
</dataflow>
<dataflow id="154" from="empty_0" to="specinterface_ln0" fromId="129" toId="12">
</dataflow>
<dataflow id="155" from="empty_0" to="specinterface_ln0" fromId="129" toId="12">
</dataflow>
<dataflow id="156" from="StgValue_126" to="specinterface_ln0" fromId="126" toId="12">
</dataflow>
<dataflow id="157" from="StgValue_126" to="specinterface_ln0" fromId="126" toId="12">
</dataflow>
<dataflow id="158" from="StgValue_126" to="specinterface_ln0" fromId="126" toId="12">
</dataflow>
<dataflow id="159" from="StgValue_126" to="specinterface_ln0" fromId="126" toId="12">
</dataflow>
<dataflow id="160" from="empty_0" to="specinterface_ln0" fromId="129" toId="12">
</dataflow>
<dataflow id="161" from="empty_0" to="specinterface_ln0" fromId="129" toId="12">
</dataflow>
<dataflow id="162" from="StgValue_131" to="specinterface_ln0" fromId="131" toId="12">
</dataflow>
<dataflow id="163" from="StgValue_126" to="specinterface_ln0" fromId="126" toId="12">
</dataflow>
<dataflow id="164" from="_ssdm_op_SpecInterface" to="specinterface_ln0" fromId="121" toId="13">
</dataflow>
<dataflow id="165" from="edges_0" to="specinterface_ln0" fromId="112" toId="13">
</dataflow>
<dataflow id="166" from="empty" to="specinterface_ln0" fromId="124" toId="13">
</dataflow>
<dataflow id="167" from="StgValue_126" to="specinterface_ln0" fromId="126" toId="13">
</dataflow>
<dataflow id="168" from="StgValue_126" to="specinterface_ln0" fromId="126" toId="13">
</dataflow>
<dataflow id="169" from="empty_0" to="specinterface_ln0" fromId="129" toId="13">
</dataflow>
<dataflow id="170" from="StgValue_131" to="specinterface_ln0" fromId="131" toId="13">
</dataflow>
<dataflow id="171" from="StgValue_126" to="specinterface_ln0" fromId="126" toId="13">
</dataflow>
<dataflow id="172" from="empty_0" to="specinterface_ln0" fromId="129" toId="13">
</dataflow>
<dataflow id="173" from="empty_0" to="specinterface_ln0" fromId="129" toId="13">
</dataflow>
<dataflow id="174" from="empty_0" to="specinterface_ln0" fromId="129" toId="13">
</dataflow>
<dataflow id="175" from="StgValue_126" to="specinterface_ln0" fromId="126" toId="13">
</dataflow>
<dataflow id="176" from="StgValue_126" to="specinterface_ln0" fromId="126" toId="13">
</dataflow>
<dataflow id="177" from="StgValue_126" to="specinterface_ln0" fromId="126" toId="13">
</dataflow>
<dataflow id="178" from="StgValue_126" to="specinterface_ln0" fromId="126" toId="13">
</dataflow>
<dataflow id="179" from="empty_0" to="specinterface_ln0" fromId="129" toId="13">
</dataflow>
<dataflow id="180" from="empty_0" to="specinterface_ln0" fromId="129" toId="13">
</dataflow>
<dataflow id="181" from="StgValue_131" to="specinterface_ln0" fromId="131" toId="13">
</dataflow>
<dataflow id="182" from="StgValue_126" to="specinterface_ln0" fromId="126" toId="13">
</dataflow>
<dataflow id="184" from="_ssdm_op_Read.ap_auto.i8" to="tmp" fromId="183" toId="14">
</dataflow>
<dataflow id="185" from="empty" to="tmp" fromId="115" toId="14">
</dataflow>
<dataflow id="187" from="_ssdm_op_Read.ap_auto.i64" to="tmp_end_read" fromId="186" toId="15">
</dataflow>
<dataflow id="188" from="tmp_end" to="tmp_end_read" fromId="111" toId="15">
</dataflow>
<dataflow id="189" from="_ssdm_op_Read.ap_auto.i64" to="tmp_begin_read" fromId="186" toId="16">
</dataflow>
<dataflow id="190" from="tmp_begin" to="tmp_begin_read" fromId="110" toId="16">
</dataflow>
<dataflow id="191" from="_ssdm_op_Read.ap_auto.i64" to="cnt_read" fromId="186" toId="17">
</dataflow>
<dataflow id="192" from="cnt" to="cnt_read" fromId="109" toId="17">
</dataflow>
<dataflow id="193" from="cnt_read" to="store_ln0" fromId="17" toId="18">
</dataflow>
<dataflow id="194" from="cnt_1_0" to="store_ln0" fromId="10" toId="18">
</dataflow>
<dataflow id="195" from="tmp_begin_read" to="store_ln0" fromId="16" toId="19">
</dataflow>
<dataflow id="196" from="e_1_0" to="store_ln0" fromId="9" toId="19">
</dataflow>
<dataflow id="197" from="e_1_0" to="e_1_0_load" fromId="9" toId="21">
</dataflow>
<dataflow id="198" from="e_1_0_load" to="icmp_ln28" fromId="21" toId="22">
</dataflow>
<dataflow id="199" from="tmp_end_read" to="icmp_ln28" fromId="15" toId="22">
</dataflow>
<dataflow id="200" from="icmp_ln28" to="br_ln28" fromId="22" toId="23">
</dataflow>
<dataflow id="201" from="e_1_0_load" to="trunc_ln28" fromId="21" toId="24">
</dataflow>
<dataflow id="203" from="_ssdm_op_PartSelect.i11.i64.i32.i32" to="lshr_ln1" fromId="202" toId="25">
</dataflow>
<dataflow id="204" from="e_1_0_load" to="lshr_ln1" fromId="21" toId="25">
</dataflow>
<dataflow id="205" from="StgValue_118" to="lshr_ln1" fromId="118" toId="25">
</dataflow>
<dataflow id="207" from="StgValue_206" to="lshr_ln1" fromId="206" toId="25">
</dataflow>
<dataflow id="208" from="lshr_ln1" to="zext_ln29" fromId="25" toId="26">
</dataflow>
<dataflow id="209" from="edges_0" to="edges_0_addr" fromId="112" toId="27">
</dataflow>
<dataflow id="211" from="StgValue_210" to="edges_0_addr" fromId="210" toId="27">
</dataflow>
<dataflow id="212" from="zext_ln29" to="edges_0_addr" fromId="26" toId="27">
</dataflow>
<dataflow id="213" from="edges_0_addr" to="edges_0_load" fromId="27" toId="28">
</dataflow>
<dataflow id="214" from="edges_1" to="edges_1_addr" fromId="113" toId="29">
</dataflow>
<dataflow id="215" from="StgValue_210" to="edges_1_addr" fromId="210" toId="29">
</dataflow>
<dataflow id="216" from="zext_ln29" to="edges_1_addr" fromId="26" toId="29">
</dataflow>
<dataflow id="217" from="edges_1_addr" to="edges_1_load" fromId="29" toId="30">
</dataflow>
<dataflow id="218" from="e_1_0_load" to="add_ln28" fromId="21" toId="31">
</dataflow>
<dataflow id="220" from="StgValue_219" to="add_ln28" fromId="219" toId="31">
</dataflow>
<dataflow id="221" from="trunc_ln28" to="add_ln28_2" fromId="24" toId="32">
</dataflow>
<dataflow id="223" from="StgValue_222" to="add_ln28_2" fromId="222" toId="32">
</dataflow>
<dataflow id="224" from="add_ln28" to="icmp_ln28_1" fromId="31" toId="33">
</dataflow>
<dataflow id="225" from="tmp_end_read" to="icmp_ln28_1" fromId="15" toId="33">
</dataflow>
<dataflow id="226" from="icmp_ln28_1" to="br_ln28" fromId="33" toId="34">
</dataflow>
<dataflow id="228" from="_ssdm_op_PartSelect.i11.i12.i32.i32" to="lshr_ln29_1" fromId="227" toId="35">
</dataflow>
<dataflow id="229" from="add_ln28_2" to="lshr_ln29_1" fromId="32" toId="35">
</dataflow>
<dataflow id="230" from="StgValue_118" to="lshr_ln29_1" fromId="118" toId="35">
</dataflow>
<dataflow id="231" from="StgValue_206" to="lshr_ln29_1" fromId="206" toId="35">
</dataflow>
<dataflow id="232" from="lshr_ln29_1" to="zext_ln29_1" fromId="35" toId="36">
</dataflow>
<dataflow id="233" from="edges_0" to="edges_0_addr_1" fromId="112" toId="37">
</dataflow>
<dataflow id="234" from="StgValue_210" to="edges_0_addr_1" fromId="210" toId="37">
</dataflow>
<dataflow id="235" from="zext_ln29_1" to="edges_0_addr_1" fromId="36" toId="37">
</dataflow>
<dataflow id="236" from="edges_0_addr_1" to="edges_0_load_1" fromId="37" toId="38">
</dataflow>
<dataflow id="237" from="edges_1" to="edges_1_addr_1" fromId="113" toId="39">
</dataflow>
<dataflow id="238" from="StgValue_210" to="edges_1_addr_1" fromId="210" toId="39">
</dataflow>
<dataflow id="239" from="zext_ln29_1" to="edges_1_addr_1" fromId="36" toId="39">
</dataflow>
<dataflow id="240" from="edges_1_addr_1" to="edges_1_load_1" fromId="39" toId="40">
</dataflow>
<dataflow id="241" from="e_1_0_load" to="trunc_ln28_1" fromId="21" toId="41">
</dataflow>
<dataflow id="242" from="edges_0_addr" to="edges_0_load" fromId="27" toId="42">
</dataflow>
<dataflow id="243" from="edges_1_addr" to="edges_1_load" fromId="29" toId="43">
</dataflow>
<dataflow id="245" from="_ssdm_op_Mux.ap_auto.2i64.i1" to="tmp_dst" fromId="244" toId="44">
</dataflow>
<dataflow id="246" from="edges_0_load" to="tmp_dst" fromId="42" toId="44">
</dataflow>
<dataflow id="247" from="edges_1_load" to="tmp_dst" fromId="43" toId="44">
</dataflow>
<dataflow id="248" from="trunc_ln28_1" to="tmp_dst" fromId="41" toId="44">
</dataflow>
<dataflow id="249" from="level" to="level_addr" fromId="114" toId="45">
</dataflow>
<dataflow id="250" from="StgValue_210" to="level_addr" fromId="210" toId="45">
</dataflow>
<dataflow id="251" from="tmp_dst" to="level_addr" fromId="44" toId="45">
</dataflow>
<dataflow id="252" from="level_addr" to="level_load" fromId="45" toId="46">
</dataflow>
<dataflow id="253" from="trunc_ln28_1" to="xor_ln28" fromId="41" toId="47">
</dataflow>
<dataflow id="255" from="StgValue_254" to="xor_ln28" fromId="254" toId="47">
</dataflow>
<dataflow id="256" from="edges_0_addr_1" to="edges_0_load_1" fromId="37" toId="48">
</dataflow>
<dataflow id="257" from="edges_1_addr_1" to="edges_1_load_1" fromId="39" toId="49">
</dataflow>
<dataflow id="258" from="_ssdm_op_Mux.ap_auto.2i64.i1" to="tmp_dst_1" fromId="244" toId="50">
</dataflow>
<dataflow id="259" from="edges_0_load_1" to="tmp_dst_1" fromId="48" toId="50">
</dataflow>
<dataflow id="260" from="edges_1_load_1" to="tmp_dst_1" fromId="49" toId="50">
</dataflow>
<dataflow id="261" from="xor_ln28" to="tmp_dst_1" fromId="47" toId="50">
</dataflow>
<dataflow id="262" from="level" to="level_addr_1" fromId="114" toId="51">
</dataflow>
<dataflow id="263" from="StgValue_210" to="level_addr_1" fromId="210" toId="51">
</dataflow>
<dataflow id="264" from="tmp_dst_1" to="level_addr_1" fromId="50" toId="51">
</dataflow>
<dataflow id="265" from="cnt_1_0" to="cnt_1_0_load" fromId="10" toId="52">
</dataflow>
<dataflow id="267" from="_ssdm_op_SpecPipeline" to="specpipeline_ln2" fromId="266" toId="53">
</dataflow>
<dataflow id="268" from="StgValue_131" to="specpipeline_ln2" fromId="131" toId="53">
</dataflow>
<dataflow id="269" from="StgValue_118" to="specpipeline_ln2" fromId="118" toId="53">
</dataflow>
<dataflow id="270" from="StgValue_126" to="specpipeline_ln2" fromId="126" toId="53">
</dataflow>
<dataflow id="271" from="StgValue_126" to="specpipeline_ln2" fromId="126" toId="53">
</dataflow>
<dataflow id="272" from="empty_0" to="specpipeline_ln2" fromId="129" toId="53">
</dataflow>
<dataflow id="274" from="_ssdm_op_SpecLoopName" to="specloopname_ln14" fromId="273" toId="54">
</dataflow>
<dataflow id="276" from="empty_3" to="specloopname_ln14" fromId="275" toId="54">
</dataflow>
<dataflow id="277" from="level_addr" to="level_load" fromId="45" toId="55">
</dataflow>
<dataflow id="278" from="level_load" to="icmp_ln32" fromId="55" toId="56">
</dataflow>
<dataflow id="280" from="StgValue_279" to="icmp_ln32" fromId="279" toId="56">
</dataflow>
<dataflow id="281" from="icmp_ln32" to="br_ln32" fromId="56" toId="57">
</dataflow>
<dataflow id="282" from="tmp" to="store_ln33" fromId="14" toId="58">
</dataflow>
<dataflow id="283" from="level_addr" to="store_ln33" fromId="45" toId="58">
</dataflow>
<dataflow id="284" from="cnt_1_0_load" to="add_ln34" fromId="52" toId="59">
</dataflow>
<dataflow id="285" from="StgValue_219" to="add_ln34" fromId="219" toId="59">
</dataflow>
<dataflow id="286" from="add_ln34" to="cnt_2_0" fromId="59" toId="61">
<condition id="-1">
<or_exp><and_exp><literal name="icmp_ln28" val="0"/>
<literal name="icmp_ln32" val="1"/>
</and_exp></or_exp>
</condition>
</dataflow>
<dataflow id="287" from="br_ln35" to="cnt_2_0" fromId="60" toId="61">
</dataflow>
<dataflow id="288" from="cnt_1_0_load" to="cnt_2_0" fromId="52" toId="61">
<condition id="-1">
<or_exp><and_exp><literal name="icmp_ln28" val="0"/>
<literal name="icmp_ln32" val="0"/>
</and_exp></or_exp>
</condition>
</dataflow>
<dataflow id="289" from="br_ln32" to="cnt_2_0" fromId="57" toId="61">
</dataflow>
<dataflow id="290" from="level_addr_1" to="level_load_1" fromId="51" toId="62">
</dataflow>
<dataflow id="291" from="e_1_0_load" to="add_ln28_1" fromId="21" toId="63">
</dataflow>
<dataflow id="293" from="StgValue_292" to="add_ln28_1" fromId="292" toId="63">
</dataflow>
<dataflow id="294" from="add_ln28_1" to="store_ln28" fromId="63" toId="64">
</dataflow>
<dataflow id="295" from="e_1_0" to="store_ln28" fromId="9" toId="64">
</dataflow>
<dataflow id="296" from="level_addr_1" to="level_load_1" fromId="51" toId="65">
</dataflow>
<dataflow id="297" from="level_load_1" to="icmp_ln32_1" fromId="65" toId="66">
</dataflow>
<dataflow id="298" from="StgValue_279" to="icmp_ln32_1" fromId="279" toId="66">
</dataflow>
<dataflow id="299" from="icmp_ln32_1" to="br_ln32" fromId="66" toId="67">
</dataflow>
<dataflow id="300" from="tmp" to="store_ln33" fromId="14" toId="68">
</dataflow>
<dataflow id="301" from="level_addr_1" to="store_ln33" fromId="51" toId="68">
</dataflow>
<dataflow id="302" from="cnt_2_0" to="add_ln34_1" fromId="61" toId="69">
</dataflow>
<dataflow id="303" from="StgValue_219" to="add_ln34_1" fromId="219" toId="69">
</dataflow>
<dataflow id="304" from="add_ln34_1" to="cnt_2_1" fromId="69" toId="71">
<condition id="-1">
<or_exp><and_exp><literal name="icmp_ln28" val="0"/>
<literal name="icmp_ln28_1" val="0"/>
<literal name="icmp_ln32_1" val="1"/>
</and_exp></or_exp>
</condition>
</dataflow>
<dataflow id="305" from="br_ln35" to="cnt_2_1" fromId="70" toId="71">
</dataflow>
<dataflow id="306" from="cnt_2_0" to="cnt_2_1" fromId="61" toId="71">
<condition id="-1">
<or_exp><and_exp><literal name="icmp_ln28" val="0"/>
<literal name="icmp_ln28_1" val="0"/>
<literal name="icmp_ln32_1" val="0"/>
</and_exp></or_exp>
</condition>
</dataflow>
<dataflow id="307" from="br_ln32" to="cnt_2_1" fromId="67" toId="71">
</dataflow>
<dataflow id="308" from="cnt_2_1" to="store_ln28" fromId="71" toId="72">
</dataflow>
<dataflow id="309" from="cnt_1_0" to="store_ln28" fromId="10" toId="72">
</dataflow>
<dataflow id="311" from="_ssdm_op_Write.ap_auto.i64P0A" to="write_ln34" fromId="310" toId="74">
</dataflow>
<dataflow id="312" from="cnt_1_0_out" to="write_ln34" fromId="116" toId="74">
</dataflow>
<dataflow id="313" from="cnt_1_0_load" to="write_ln34" fromId="52" toId="74">
</dataflow>
<dataflow id="314" from="_ssdm_op_Write.ap_auto.i64P0A" to="write_ln34" fromId="310" toId="75">
</dataflow>
<dataflow id="315" from="cnt_2_0_out" to="write_ln34" fromId="117" toId="75">
</dataflow>
<dataflow id="316" from="cnt_2_0" to="write_ln34" fromId="61" toId="75">
</dataflow>
<dataflow id="317" from="StgValue_254" to="UnifiedRetVal" fromId="254" toId="77">
<condition id="-1">
<or_exp><and_exp></and_exp></or_exp>
</condition>
</dataflow>
<dataflow id="318" from="br_ln0" to="UnifiedRetVal" fromId="80" toId="77">
</dataflow>
<dataflow id="320" from="StgValue_319" to="UnifiedRetVal" fromId="319" toId="77">
<condition id="-1">
<or_exp><and_exp><literal name="icmp_ln28" val="0"/>
</and_exp></or_exp>
</condition>
</dataflow>
<dataflow id="321" from="br_ln0" to="UnifiedRetVal" fromId="76" toId="77">
</dataflow>
<dataflow id="322" from="UnifiedRetVal" to="ret_ln0" fromId="77" toId="78">
</dataflow>
<dataflow id="323" from="_ssdm_op_Write.ap_auto.i64P0A" to="write_ln34" fromId="310" toId="79">
</dataflow>
<dataflow id="324" from="cnt_1_0_out" to="write_ln34" fromId="116" toId="79">
</dataflow>
<dataflow id="325" from="cnt_1_0_load" to="write_ln34" fromId="52" toId="79">
</dataflow>
<dataflow id="326" from="icmp_ln28" to="StgValue_2" fromId="22" toId="2">
</dataflow>
<dataflow id="327" from="icmp_ln28_1" to="StgValue_2" fromId="33" toId="2">
</dataflow>
<dataflow id="328" from="icmp_ln28" to="StgValue_3" fromId="22" toId="3">
</dataflow>
<dataflow id="329" from="icmp_ln28_1" to="StgValue_3" fromId="33" toId="3">
</dataflow>
<dataflow id="330" from="icmp_ln28" to="StgValue_4" fromId="22" toId="4">
</dataflow>
<dataflow id="331" from="icmp_ln32" to="StgValue_4" fromId="56" toId="4">
</dataflow>
<dataflow id="332" from="icmp_ln28" to="StgValue_5" fromId="22" toId="5">
</dataflow>
<dataflow id="333" from="icmp_ln28_1" to="StgValue_5" fromId="33" toId="5">
</dataflow>
<dataflow id="334" from="icmp_ln28" to="StgValue_6" fromId="22" toId="6">
</dataflow>
<dataflow id="335" from="icmp_ln28_1" to="StgValue_6" fromId="33" toId="6">
</dataflow>
<dataflow id="336" from="icmp_ln32_1" to="StgValue_6" fromId="66" toId="6">
</dataflow>
<dataflow id="337" from="icmp_ln28" to="StgValue_7" fromId="22" toId="7">
</dataflow>
<dataflow id="338" from="icmp_ln32" to="StgValue_5" fromId="56" toId="5">
</dataflow>
<dataflow id="339" from="icmp_ln32" to="StgValue_6" fromId="56" toId="6">
</dataflow>
</dataflows>


</stg>
