node_id,node_name,node_type,line_num,rtl_name,op_type,node_objs
0_22,newFuncRoot,3,0,not_exist,not_exist,"['10', '11', '15', '16', '17', '18', '19', '20', '21']"
0_27,for.body13.0,3,0,not_exist,not_exist,"['23', '24', '25', '26']"
0_43,for.body13.split.0,3,0,not_exist,not_exist,"['28', '29', '32', '33', '34', '35', '36', '37', '38', '39', '40', '41', '42']"
0_47,if.then18.0,3,0,not_exist,not_exist,"['44', '45', '46']"
0_54,for.inc.0,3,0,not_exist,not_exist,"['48', '49', '50', '51', '52', '53']"
0_66,for.body13.split.1,3,0,not_exist,not_exist,"['55', '56', '57', '58', '59', '60', '61', '62', '63', '64', '65']"
0_70,if.then18.1,3,0,not_exist,not_exist,"['67', '68', '69']"
0_76,for.inc.1,3,0,not_exist,not_exist,"['71', '72', '73', '74', '75']"
0_80,for.inc.0.for.inc24.loopexit_crit_edge.exitStub,3,0,not_exist,not_exist,"['77', '78', '79']"
0_83,for.body13.0.for.inc24.loopexit_crit_edge.exitStub,3,0,not_exist,not_exist,"['81', '82']"
0_86,UnifiedReturnBlock,3,0,not_exist,not_exist,"['84', '85']"
1_33,entry,3,0,not_exist,not_exist,"['8', '9', '10', '11', '27', '28', '29', '30', '31', '32']"
1_42,loop_nodes,3,0,not_exist,not_exist,"['34', '36', '37', '38', '39', '40', '41']"
1_49,for.body4,3,0,not_exist,not_exist,"['43', '44', '45', '47', '48']"
1_58,for.body4.split,3,0,not_exist,not_exist,"['50', '52', '53', '54', '55', '56', '57']"
1_65,loop_neighbors,3,0,not_exist,not_exist,"['59', '60', '61', '62', '63', '64']"
1_71,for.body13.0.preheader,3,0,not_exist,not_exist,"['66', '67', '68', '69', '70']"
1_74,for.inc24,3,0,not_exist,not_exist,"['72', '73']"
1_79,for.end26,3,0,not_exist,not_exist,"['75', '76', '77', '78']"
1_83,arrayidx291.case.1,3,0,not_exist,not_exist,"['80', '81', '82']"
1_87,arrayidx291.case.0,3,0,not_exist,not_exist,"['84', '85', '86']"
1_92,arrayidx291.exit,3,0,not_exist,not_exist,"['88', '89', '90', '91']"
1_95,arrayidx291.exit.loop_nodes_crit_edge,3,0,not_exist,not_exist,"['93', '94']"
1_97,for.end35,3,0,not_exist,not_exist,['96']
